{"crop":"BARLEY","minimalTemperature":{"min":-3.0,"max":60.0},"optimalTemperature":{"min":10.0,"max":40.0},"perfectTemperature":{"min":20.0,"max":30.0},"humidityRange":{"min":0.2,"max":1.0},"growthStages":5,"growthRate":0.8,"baseHealth":100.0,"bug":"NONE","foundIn":["densewarmforest","jungle","lake","warmforest","warmplains"],"harvestSeason":["SPRING","SUMMER","AUTUMN"],"harvestAction":"DESTROY","nutrientConsumption":{"NITROGEN":0.02148,"PHOSPHORUS":0.02742,"POTASSIUM":0.0117,"CALCIUM":0.07022,"SULPHUR":0.07192,"MAGNESIUM":0.06184,"MICRONUTRIENTS":0.02365},"waterConsumption":10.0}