{"crop":"BEANS","minimalTemperature":{"min":4.0,"max":50.0},"optimalTemperature":{"min":10.0,"max":40.0},"perfectTemperature":{"min":20.0,"max":30.0},"humidityRange":{"min":0.1,"max":1.0},"growthStages":8,"growthRate":1.6,"baseHealth":100.0,"bug":"NONE","foundIn":["densewarmforest","desert","jungle","savanna","warmforest","warmplains"],"harvestSeason":["SPRING","SUMMER","AUTUMN"],"harvestAction":"SETBACK_1","nutrientConsumption":{"NITROGEN":0.00848,"PHOSPHORUS":0.02732,"POTASSIUM":0.02113,"CALCIUM":0.06133,"SULPHUR":0.00795,"MAGNESIUM":0.03627,"MICRONUTRIENTS":0.03867},"waterConsumption":20.0}