{"crop":"BEETROOT","minimalTemperature":{"min":0.0,"max":50.0},"optimalTemperature":{"min":10.0,"max":35.0},"perfectTemperature":{"min":18.0,"max":24.0},"humidityRange":{"min":0.1,"max":0.8},"growthStages":5,"growthRate":1.55,"baseHealth":100.0,"bug":"NONE","foundIn":["savanna","desert","rareforest","warmplains","plains"],"harvestSeason":["SPRING","SUMMER","AUTUMN","WINTER"],"harvestAction":"DESTROY","nutrientConsumption":{"NITROGEN":0.02824,"PHOSPHORUS":0.09126,"POTASSIUM":0.01187,"CALCIUM":0.05358,"SULPHUR":0.02101,"MAGNESIUM":0.01391,"MICRONUTRIENTS":0.02086},"waterConsumption":10.0}