{"crop":"CABBAGE","minimalTemperature":{"min":-8.0,"max":60.0},"optimalTemperature":{"min":0.0,"max":40.0},"perfectTemperature":{"min":4.0,"max":24.0},"humidityRange":{"min":0.1,"max":1.2},"growthStages":4,"growthRate":1.3,"baseHealth":100.0,"bug":"MAGGOTS","foundIn":["hills","mountains","plains","rareforest"],"harvestSeason":["SPRING","SUMMER","AUTUMN","WINTER"],"harvestAction":"DESTROY","nutrientConsumption":{"NITROGEN":0.0547,"PHOSPHORUS":0.09216,"POTASSIUM":0.04848,"CALCIUM":0.03051,"SULPHUR":0.04702,"MAGNESIUM":0.01055,"MICRONUTRIENTS":0.08323},"waterConsumption":30.0}