{"crop":"CARROT","minimalTemperature":{"min":-3.0,"max":50.0},"optimalTemperature":{"min":10.0,"max":30.0},"perfectTemperature":{"min":16.0,"max":21.0},"humidityRange":{"min":0.4,"max":1.0},"growthStages":7,"growthRate":1.2,"baseHealth":100.0,"bug":"NEMATODE","foundIn":["denseforest","densewarmforest","warmforest","forest"],"harvestSeason":["SPRING","SUMMER","AUTUMN"],"harvestAction":"DESTROY","nutrientConsumption":{"NITROGEN":0.02662,"PHOSPHORUS":0.0699,"POTASSIUM":0.02321,"CALCIUM":0.06798,"SULPHUR":0.07657,"MAGNESIUM":0.0909,"MICRONUTRIENTS":0.07635},"waterConsumption":25.0}