{"crop":"CASSAVA","minimalTemperature":{"min":2.0,"max":50.0},"optimalTemperature":{"min":12.0,"max":40.0},"perfectTemperature":{"min":22.0,"max":30.0},"humidityRange":{"min":0.3,"max":2.0},"growthStages":7,"growthRate":1.0,"baseHealth":100.0,"bug":"NONE","foundIn":["densewarmforest","jungle","warmforest","warmplains","denseforest"],"harvestSeason":["SUMMER","AUTUMN"],"harvestAction":"DESTROY","nutrientConsumption":{"NITROGEN":0.0866,"PHOSPHORUS":0.01558,"POTASSIUM":0.04587,"CALCIUM":0.04948,"SULPHUR":0.09914,"MAGNESIUM":0.03048,"MICRONUTRIENTS":0.07281},"waterConsumption":20.0}