{"crop":"CUCUMBER","minimalTemperature":{"min":5.0,"max":50.0},"optimalTemperature":{"min":10.0,"max":40.0},"perfectTemperature":{"min":20.0,"max":30.0},"humidityRange":{"min":0.5,"max":1.0},"growthStages":8,"growthRate":1.5,"baseHealth":100.0,"bug":"NONE","foundIn":["densewarmforest","jungle","lake","warmforest"],"harvestSeason":["SPRING","SUMMER","AUTUMN"],"harvestAction":"SETBACK_4","nutrientConsumption":{"NITROGEN":0.02163,"PHOSPHORUS":0.01562,"POTASSIUM":0.04443,"CALCIUM":0.05296,"SULPHUR":0.01379,"MAGNESIUM":0.07552,"MICRONUTRIENTS":0.04291},"waterConsumption":25.0}