{"crop":"EGGPLANT","minimalTemperature":{"min":3.0,"max":50.0},"optimalTemperature":{"min":10.0,"max":40.0},"perfectTemperature":{"min":20.0,"max":30.0},"humidityRange":{"min":0.4,"max":2.0},"growthStages":8,"growthRate":0.7,"baseHealth":100.0,"bug":"MAGGOTS","foundIn":["densewarmforest","jungle","lake","warmforest"],"harvestSeason":["SUMMER","AUTUMN"],"harvestAction":"SETBACK_2","nutrientConsumption":{"NITROGEN":0.04847,"PHOSPHORUS":0.04837,"POTASSIUM":0.02645,"CALCIUM":0.01036,"SULPHUR":0.01648,"MAGNESIUM":0.04071,"MICRONUTRIENTS":0.07036},"waterConsumption":25.0}