{"crop":"GARLIC","minimalTemperature":{"min":-24.0,"max":36.0},"optimalTemperature":{"min":-8.0,"max":20.0},"perfectTemperature":{"min":0.0,"max":10.0},"humidityRange":{"min":0.1,"max":0.6},"growthStages":5,"growthRate":1.0,"baseHealth":100.0,"bug":"NONE","foundIn":["plains","forest","lake","hills","mountains","coldforest","coldplains"],"harvestSeason":["SPRING","SUMMER","AUTUMN","WINTER"],"harvestAction":"DESTROY","nutrientConsumption":{"NITROGEN":0.08498,"PHOSPHORUS":0.05124,"POTASSIUM":0.03969,"CALCIUM":0.07821,"SULPHUR":0.0044,"MAGNESIUM":0.04326,"MICRONUTRIENTS":0.01181},"waterConsumption":10.0}