{"crop":"LEEK","minimalTemperature":{"min":-7.0,"max":40.0},"optimalTemperature":{"min":0.0,"max":36.0},"perfectTemperature":{"min":7.0,"max":29.0},"humidityRange":{"min":0.3,"max":1.0},"growthStages":5,"growthRate":0.6,"baseHealth":100.0,"bug":"NONE","foundIn":["coldforest","coldplains","densecoldforest","denseforest","densewarmforest","forest","hills","lake","plains","rareforest","warmforest","warmplains"],"harvestSeason":["SUMMER","AUTUMN"],"harvestAction":"DESTROY","nutrientConsumption":{"NITROGEN":0.03438,"PHOSPHORUS":0.09746,"POTASSIUM":0.07762,"CALCIUM":0.09984,"SULPHUR":0.06554,"MAGNESIUM":0.08334,"MICRONUTRIENTS":0.00329},"waterConsumption":25.0}