{"crop":"LETTUCE","minimalTemperature":{"min":-14.0,"max":35.0},"optimalTemperature":{"min":-2.0,"max":24.0},"perfectTemperature":{"min":7.0,"max":18.0},"humidityRange":{"min":0.1,"max":1.0},"growthStages":6,"growthRate":1.0,"baseHealth":100.0,"bug":"BROWN_PLANTHOPPER","foundIn":["coldforest","coldplains","densecoldforest","hills","mountains"],"harvestSeason":["SPRING","SUMMER","AUTUMN","WINTER"],"harvestAction":"DESTROY","nutrientConsumption":{"NITROGEN":0.00951,"PHOSPHORUS":0.01803,"POTASSIUM":0.02488,"CALCIUM":0.08666,"SULPHUR":0.04664,"MAGNESIUM":0.04046,"MICRONUTRIENTS":0.03476},"waterConsumption":20.0}