{"crop":"MILLET","minimalTemperature":{"min":6.0,"max":60.0},"optimalTemperature":{"min":10.0,"max":55.0},"perfectTemperature":{"min":28.0,"max":50.0},"humidityRange":{"min":0.1,"max":0.6},"growthStages":5,"growthRate":1.1,"baseHealth":100.0,"bug":"MOTH","foundIn":["warmplains","desert","savanna"],"harvestSeason":["SPRING","SUMMER","AUTUMN"],"harvestAction":"DESTROY","nutrientConsumption":{"NITROGEN":0.011,"PHOSPHORUS":0.01578,"POTASSIUM":0.0595,"CALCIUM":0.00981,"SULPHUR":0.01757,"MAGNESIUM":0.09897,"MICRONUTRIENTS":0.05721},"waterConsumption":8.0}