{"crop":"OAT","minimalTemperature":{"min":-10.0,"max":40.0},"optimalTemperature":{"min":5.0,"max":25.0},"perfectTemperature":{"min":10.0,"max":20.0},"humidityRange":{"min":0.1,"max":1.0},"growthStages":5,"growthRate":0.75,"baseHealth":100.0,"bug":"MOTH","foundIn":["coldforest","coldplains","densecoldforest","hills","mountains"],"harvestSeason":["SPRING","SUMMER","AUTUMN"],"harvestAction":"DESTROY","nutrientConsumption":{"NITROGEN":0.02524,"PHOSPHORUS":0.01307,"POTASSIUM":0.04304,"CALCIUM":0.04223,"SULPHUR":0.08229,"MAGNESIUM":0.07881,"MICRONUTRIENTS":0.03738},"waterConsumption":10.0}