{"crop":"ONION","minimalTemperature":{"min":-12.0,"max":40.0},"optimalTemperature":{"min":0.0,"max":24.0},"perfectTemperature":{"min":8.0,"max":16.0},"humidityRange":{"min":0.1,"max":1.0},"growthStages":5,"growthRate":1.0,"baseHealth":100.0,"bug":"NEMATODE","foundIn":["coldplains","forest","plains","hills"],"harvestSeason":["SPRING","SUMMER","AUTUMN","WINTER"],"harvestAction":"DESTROY","nutrientConsumption":{"NITROGEN":0.0012,"PHOSPHORUS":0.01337,"POTASSIUM":0.06472,"CALCIUM":0.05031,"SULPHUR":0.05889,"MAGNESIUM":0.09761,"MICRONUTRIENTS":0.07295},"waterConsumption":15.0}