{"crop":"PARSNIP","minimalTemperature":{"min":-2.0,"max":40.0},"optimalTemperature":{"min":8.0,"max":35.0},"perfectTemperature":{"min":18.0,"max":27.0},"humidityRange":{"min":0.1,"max":1.0},"growthStages":5,"growthRate":0.36,"baseHealth":100.0,"bug":"NEMATODE","foundIn":["denseforest","densewarmforest","warmforest","forest"],"harvestSeason":["AUTUMN","WINTER"],"harvestAction":"DESTROY","nutrientConsumption":{"NITROGEN":0.00852,"PHOSPHORUS":0.09439,"POTASSIUM":0.07852,"CALCIUM":0.042,"SULPHUR":0.09322,"MAGNESIUM":0.09493,"MICRONUTRIENTS":0.07281},"waterConsumption":15.0}