{"crop":"PEAS","minimalTemperature":{"min":-5.0,"max":40.0},"optimalTemperature":{"min":3.0,"max":28.0},"perfectTemperature":{"min":13.0,"max":18.0},"humidityRange":{"min":0.1,"max":1.0},"growthStages":8,"growthRate":1.5,"baseHealth":100.0,"bug":"NEMATODE","foundIn":["mountains","hills","coldplains"],"harvestSeason":["SPRING","SUMMER","AUTUMN","WINTER"],"harvestAction":"SETBACK_1","nutrientConsumption":{"NITROGEN":0.01175,"PHOSPHORUS":0.02324,"POTASSIUM":0.02047,"CALCIUM":0.05023,"SULPHUR":0.00275,"MAGNESIUM":0.05663,"MICRONUTRIENTS":0.0192},"waterConsumption":20.0}