{"crop":"PEPPER","minimalTemperature":{"min":2.0,"max":50.0},"optimalTemperature":{"min":8.0,"max":40.0},"perfectTemperature":{"min":18.0,"max":26.0},"humidityRange":{"min":0.2,"max":0.7},"growthStages":9,"growthRate":1.0,"baseHealth":100.0,"bug":"MAGGOTS","foundIn":["desert","plains","warmplains","savanna","rareforest"],"harvestSeason":["SUMMER","AUTUMN"],"harvestAction":"SPECIAL","nutrientConsumption":{"NITROGEN":0.03138,"PHOSPHORUS":0.00041,"POTASSIUM":0.0648,"CALCIUM":0.00049,"SULPHUR":0.02233,"MAGNESIUM":0.09315,"MICRONUTRIENTS":0.02956},"waterConsumption":20.0}