{"crop":"POTATO","minimalTemperature":{"min":-20.0,"max":50.0},"optimalTemperature":{"min":-8.0,"max":27.0},"perfectTemperature":{"min":0.0,"max":14.0},"humidityRange":{"min":0.1,"max":1.0},"growthStages":5,"growthRate":1.0,"baseHealth":100.0,"bug":"NONE","foundIn":["coldforest","coldplains","densecoldforest","hills","lake","plains","rareforest"],"harvestSeason":["SPRING","SUMMER","AUTUMN","WINTER"],"harvestAction":"DESTROY","nutrientConsumption":{"NITROGEN":0.02009,"PHOSPHORUS":0.04097,"POTASSIUM":0.03795,"CALCIUM":0.05534,"SULPHUR":0.0843,"MAGNESIUM":0.04909,"MICRONUTRIENTS":0.00015},"waterConsumption":15.0}