{"crop":"PUMPKIN","minimalTemperature":{"min":1.0,"max":50.0},"optimalTemperature":{"min":5.0,"max":40.0},"perfectTemperature":{"min":10.0,"max":32.0},"humidityRange":{"min":0.3,"max":1.0},"growthStages":7,"growthRate":0.9,"baseHealth":100.0,"bug":"MAGGOTS","foundIn":["forest","lake","plains"],"harvestSeason":["SUMMER","AUTUMN"],"harvestAction":"DESTROY","nutrientConsumption":{"NITROGEN":0.08166,"PHOSPHORUS":0.02732,"POTASSIUM":0.06379,"CALCIUM":0.02286,"SULPHUR":0.03886,"MAGNESIUM":0.02559,"MICRONUTRIENTS":0.01283},"waterConsumption":20.0}