{"crop":"RADISH","minimalTemperature":{"min":-8.0,"max":50.0},"optimalTemperature":{"min":2.0,"max":29.0},"perfectTemperature":{"min":10.0,"max":18.0},"humidityRange":{"min":0.4,"max":1.0},"growthStages":6,"growthRate":2.3,"baseHealth":100.0,"bug":"NONE","foundIn":["denseforest","forest","densewarmforest","warmforest"],"harvestSeason":["SPRING","SUMMER","AUTUMN","WINTER"],"harvestAction":"DESTROY","nutrientConsumption":{"NITROGEN":0.06725,"PHOSPHORUS":0.02314,"POTASSIUM":0.03313,"CALCIUM":0.08539,"SULPHUR":0.04783,"MAGNESIUM":0.06421,"MICRONUTRIENTS":0.04753},"waterConsumption":20.0}