{"crop":"RYE","minimalTemperature":{"min":-10.0,"max":50.0},"optimalTemperature":{"min":2.0,"max":30.0},"perfectTemperature":{"min":10.0,"max":20.0},"humidityRange":{"min":0.1,"max":0.7},"growthStages":5,"growthRate":0.7,"baseHealth":300.0,"bug":"NONE","foundIn":["coldforest","coldplains","densecoldforest","hills","plains"],"harvestSeason":["SPRING","SUMMER","AUTUMN","WINTER"],"harvestAction":"DESTROY","nutrientConsumption":{"NITROGEN":0.04982,"PHOSPHORUS":0.06185,"POTASSIUM":0.08169,"CALCIUM":0.08662,"SULPHUR":0.07193,"MAGNESIUM":0.06716,"MICRONUTRIENTS":0.09779},"waterConsumption":10.0}