{"crop":"SORGHUM","minimalTemperature":{"min":0.0,"max":60.0},"optimalTemperature":{"min":10.0,"max":40.0},"perfectTemperature":{"min":22.0,"max":36.0},"humidityRange":{"min":0.1,"max":1.0},"growthStages":5,"growthRate":0.8,"baseHealth":100.0,"bug":"MOTH","foundIn":["warmplains","savanna","plains"],"harvestSeason":["SPRING","SUMMER","AUTUMN"],"harvestAction":"DESTROY","nutrientConsumption":{"NITROGEN":0.00455,"PHOSPHORUS":0.03252,"POTASSIUM":0.04985,"CALCIUM":0.0616,"SULPHUR":0.04749,"MAGNESIUM":0.08923,"MICRONUTRIENTS":0.07336},"waterConsumption":15.0}