{"crop":"SPINACH","minimalTemperature":{"min":-8.0,"max":40.0},"optimalTemperature":{"min":0.0,"max":30.0},"perfectTemperature":{"min":10.0,"max":21.0},"humidityRange":{"min":0.1,"max":0.7},"growthStages":5,"growthRate":2.0,"baseHealth":100.0,"bug":"EARWIG","foundIn":["densewarmforest","jungle","warmforest"],"harvestSeason":["SPRING","SUMMER","AUTUMN","WINTER"],"harvestAction":"DESTROY","nutrientConsumption":{"NITROGEN":0.07238,"PHOSPHORUS":0.02568,"POTASSIUM":0.05493,"CALCIUM":0.02422,"SULPHUR":0.02802,"MAGNESIUM":0.01528,"MICRONUTRIENTS":0.04785},"waterConsumption":20.0}