{"crop":"SWEET_POTATO","minimalTemperature":{"min":8.0,"max":60.0},"optimalTemperature":{"min":16.0,"max":47.0},"perfectTemperature":{"min":23.0,"max":35.0},"humidityRange":{"min":0.1,"max":0.8},"growthStages":7,"growthRate":0.7,"baseHealth":100.0,"bug":"NONE","foundIn":["savanna","warmplains","desert","warmforest"],"harvestSeason":["SUMMER","AUTUMN"],"harvestAction":"DESTROY","nutrientConsumption":{"NITROGEN":0.09974,"PHOSPHORUS":0.01477,"POTASSIUM":0.00145,"CALCIUM":0.01974,"SULPHUR":0.07764,"MAGNESIUM":0.06326,"MICRONUTRIENTS":0.05874},"waterConsumption":15.0}