{"crop":"TOMATO","minimalTemperature":{"min":2.0,"max":60.0},"optimalTemperature":{"min":8.0,"max":40.0},"perfectTemperature":{"min":18.0,"max":32.0},"humidityRange":{"min":0.3,"max":1.0},"growthStages":9,"growthRate":1.5,"baseHealth":100.0,"bug":"NEMATODE","foundIn":["forest","plains","lake","denseforest"],"harvestSeason":["SUMMER","AUTUMN"],"harvestAction":"SETBACK_4","nutrientConsumption":{"NITROGEN":0.09033,"PHOSPHORUS":0.02831,"POTASSIUM":0.02698,"CALCIUM":0.07739,"SULPHUR":0.07262,"MAGNESIUM":0.09639,"MICRONUTRIENTS":0.00545},"waterConsumption":30.0}