{"crop":"TURNIP","minimalTemperature":{"min":-12.0,"max":60.0},"optimalTemperature":{"min":0.0,"max":30.0},"perfectTemperature":{"min":10.0,"max":20.0},"humidityRange":{"min":0.2,"max":0.8},"growthStages":6,"growthRate":1.6,"baseHealth":100.0,"bug":"NONE","foundIn":["coldforest","coldplains","hills","ocean"],"harvestSeason":["SPRING","SUMMER","AUTUMN","WINTER"],"harvestAction":"DESTROY","nutrientConsumption":{"NITROGEN":0.01256,"PHOSPHORUS":0.03977,"POTASSIUM":0.04728,"CALCIUM":0.09482,"SULPHUR":0.04538,"MAGNESIUM":0.04548,"MICRONUTRIENTS":0.06267},"waterConsumption":30.0}