{"crop":"WHEAT","minimalTemperature":{"min":-3.0,"max":60.0},"optimalTemperature":{"min":4.0,"max":37.0},"perfectTemperature":{"min":12.0,"max":25.0},"humidityRange":{"min":0.35,"max":0.9},"growthStages":5,"growthRate":0.75,"baseHealth":100.0,"bug":"MOTH","foundIn":["denseforest","densewarmforest","forest","hills","plains","rareforest","warmforest"],"harvestSeason":["SPRING","SUMMER","AUTUMN"],"harvestAction":"DESTROY","nutrientConsumption":{"NITROGEN":0.0271,"PHOSPHORUS":0.01777,"POTASSIUM":0.04774,"CALCIUM":0.00639,"SULPHUR":0.02721,"MAGNESIUM":0.06192,"MICRONUTRIENTS":0.09428},"waterConsumption":10.0}